{"loss": [0.00017521031684052178, 0.00018766754792898425, 0.00018850382007991302, 16.74491897309309, 16.78884599984466, 16.580187223598404, 0.00011435273110348078, 8.522788424772252e-05, 0.00011979189707120506, 9.072826352357735e-05], "mse": [0.022307202996065218, 0.023804675942907732, 0.023903574018428724, 2143.3494057010394, 2148.9720710262877, 2122.2640813489757, 0.014544018544256687, 0.01080262086664637, 0.015220403671264648, 0.011466750637330908], "mae": [0.12012930090228717, 0.13366134961446127, 0.1336613396803538, 0.5468184830000004, 0.5519551070673125, 0.558070353542765, 0.09671818092465401, 0.08167916350066662, 0.10009961947798729, 0.08505217119553168], "rmse": [0.14408866656898286, 0.1491661411313525, 0.14815065058584376, 18.971671541286565, 19.04628572659424, 18.90231738532395, 0.11971917454485269, 0.10071896060626798, 0.12103856817409858, 0.10647621082562822], "r2": [-2.0393182471584486, -1.8416681115326623, -2.299309206779691, 0.29676712451680054, -0.18013064559794648, -0.41790794903560397, -0.5055428240806732, -0.3231093204653637, -0.552628306771213, -0.1329371871340483], "pinball": [0.06618743964160483, 0.01406964174627016, 0.01641132915392518, 0.2694325065240264, 0.28909955249595426, 0.253848103651156, 0.0373540825676173, 0.037572759203612804, 0.01800956150206427, 0.02488056766463721]}