{"MSE": [515.1240532745356, 515.1240532726821, 504.72292532852356, 471.5710743515485, 451.29991035766983, 451.77262389769265, 450.725248901606, 463.70916516603234, 459.0860449415285, 434.12019949825094, 461.79390495369887], "RMSE": [4.79368563928605, 4.7936856358167175, 4.606901538097716, 4.432746441976305, 4.3264378189902395, 4.341122384643093, 4.3312504463141765, 4.3951180080193595, 4.3642402736869235, 4.24846586924343, 4.3802482089845265], "MAE": [0.3502278415562609, 0.35022784125735584, 0.19994097011701656, 0.17420586841838034, 0.16133511656808464, 0.175366388452949, 0.16839767359307797, 0.17784977703288943, 0.1651500729051722, 0.1634053283674209, 0.16910191197654537], "R^2": [-5.801662260677011, -5.8016621534664345, -0.3644328593062535, 0.17347876672142465, 0.3702847258837817, 0.11279138353816225, 0.24444769521463033, 0.16903285983790461, 0.32380228442894726, 0.2923815194387711, 0.2703441752477384], "pinball": [0.29610377948699396, 0.29610377948699396, 0.12174174844706298, 0.08986288297597285, 0.06677526999669883, 0.06714895653678128, 0.07057322923777146, 0.07320647707266147, 0.07046751374113285, 0.061990883455479144, 0.07104622749991135]}