{"MSE": [0.09616900204058232, 0.09616900047209807, 0.018584373531577412, 0.010325852925915462, 0.007469430067821018, 0.00836394989688885, 0.00783123676323294, 0.00790763238258327, 0.007498005798840061, 0.00751225923618957, 0.007488013551476778], "RMSE": [0.29977199222218787, 0.2997719894038692, 0.13217322323389546, 0.09956334794266046, 0.08447655330938375, 0.09000738613857132, 0.08702388980817237, 0.08768131642459426, 0.0849088903289181, 0.08513501122802256, 0.08500261070792872], "MAE": [0.2641997414767417, 0.26419974087890336, 0.1000559831418451, 0.0715233135331439, 0.05907982472514767, 0.06669791605233856, 0.06255727783166656, 0.06326223625868282, 0.06158122657497274, 0.06061102173455919, 0.06186148807101068], "R^2": [-4.576488623365192, -4.576488563857641, -0.04309865471513328, 0.4245957903794369, 0.584768131748473, 0.5266228600356033, 0.5613097007906117, 0.5528239715066096, 0.5725477556845785, 0.5718190086147484, 0.575710352607126], "pinball": [0.2641995615804264, 0.2641995582923401, 0.07466026055005034, 0.05292181560926711, 0.02852841432096492, 0.029273539661908585, 0.03165672565898163, 0.031302608273816174, 0.023366856324858843, 0.025993469180963513, 0.027534967100021755]}