{"MSE": [0.07314178669296473, 0.020572098855632492, 0.00777920611649917, 0.005868314549076366, 0.0040840297929273395, 0.0072171532304093865, 0.005729151157010849, 0.005533931643752363, 0.004645928005251447, 0.007133357171060725, 0.00493085119563123], "RMSE": [0.24465492663285077, 0.12133590590938848, 0.07870331863856778, 0.06921220178528188, 0.0597254009307699, 0.08079019255408229, 0.06843835121951222, 0.06613879397526279, 0.06241297738669226, 0.0776625882714021, 0.06296449990596167], "MAE": [0.2259270202774226, 0.10103880331602656, 0.06396981408104886, 0.05218985527324904, 0.04409710752286103, 0.07102556586802405, 0.04812434413550484, 0.04758707278146792, 0.04401603575021045, 0.06668620588702577, 0.045715765542924024], "R^2": [-315181694.8641788, -144550931.9297659, -41485168.98440878, -30199118.313783698, -12253743.19850183, -19486806.399910133, -29602006.43826989, -32810885.442620628, -21343991.16191957, -28782333.537581984, -26989006.657382384], "NRMSE": [1.1872760902486466, 0.6294885754236695, 0.5231052722970834, 0.43560801140666616, 0.39446936547795847, 0.5483587797669737, 0.39724513715957527, 0.3939620586535583, 0.38139969401460977, 0.5344426594916027, 0.3933517043590521]}