{"MSE": [0.10811992040039815, 0.03299262881709893, 0.010435020905061475, 0.009059638991408063, 0.007436335406568752, 0.009849874741134095, 0.008612157383637934, 0.00826003219109126, 0.007494300406805256, 0.010402175280877345, 0.007687281145659213], "RMSE": [0.3112330978661592, 0.1672230702864982, 0.09790297318514322, 0.09196738411664893, 0.08415890408640696, 0.09760778568321557, 0.09069648626017732, 0.08889243149239343, 0.08484204314210067, 0.09985635570525368, 0.0855084463257108], "MAE": [0.27772772562653847, 0.13290243919873962, 0.07622260124087984, 0.06833705808326297, 0.062116190425795706, 0.08020887491511924, 0.06576691404714582, 0.06592809304397439, 0.060977600320065106, 0.08210991072096101, 0.06188598797559957], "R^2": [-669.3178643396797, -294.48040171200813, -63.18392536305355, -43.78772816738048, -10.902596717904801, -18.414187401714887, -29.96316771157492, -32.07095841623353, -10.833722933457617, -32.5371135052543, -28.153489517902212], "NRMSE": [1.191722885795371, 0.6468518771725129, 0.4321794484819516, 0.4000861778201379, 0.38404799993067035, 0.45076099873648656, 0.389916396272438, 0.3908940052222683, 0.3862094857487263, 0.4602263614399046, 0.3804786813017676]}